datetime,count_predicted
5-06-2012 5:00,23
19-03-2011 19:00,111
2-04-2012 6:00,89
13-07-2012 20:00,450
9-11-2011 19:00,294
10-03-2012 0:00,60
19-05-2011 13:00,154
1-05-2011 8:00,59
7-07-2012 8:00,180
7-05-2011 16:00,408
9-04-2011 11:00,173
16-06-2011 4:00,5
13-07-2012 22:00,260
2-03-2012 14:00,190
18-05-2012 15:00,318
14-12-2011 22:00,99
17-02-2012 19:00,281
15-04-2012 18:00,486
6-10-2012 23:00,120
17-07-2012 0:00,41
13-09-2012 11:00,260
13-01-2012 7:00,253
11-08-2012 8:00,183
17-09-2011 8:00,102
4-11-2011 11:00,124
1-10-2011 11:00,97
3-03-2011 12:00,75
5-12-2012 19:00,412
18-06-2012 23:00,81
19-09-2012 18:00,730
8-11-2011 19:00,315
18-02-2011 13:00,144
7-11-2011 10:00,87
10-08-2011 14:00,175
2-05-2012 0:00,49
14-01-2011 14:00,59
17-07-2011 1:00,98
14-07-2011 15:00,191
4-03-2011 3:00,2
18-12-2012 15:00,256
14-12-2012 10:00,150
14-05-2011 3:00,23
19-03-2012 23:00,83
8-01-2011 5:00,3
13-08-2011 6:00,19
4-08-2011 2:00,5
3-02-2012 5:00,14
16-12-2012 21:00,103
4-01-2011 9:00,114
6-04-2011 1:00,9
9-03-2012 11:00,156
12-10-2012 20:00,303
14-06-2011 20:00,289
6-12-2012 2:00,6
3-12-2012 2:00,8
10-07-2011 17:00,402
9-01-2012 22:00,70
10-01-2012 17:00,440
7-08-2012 4:00,6
17-01-2011 4:00,2
3-05-2011 15:00,142
8-04-2012 7:00,67
4-07-2011 5:00,7
13-01-2011 14:00,56
18-08-2012 23:00,162
11-12-2012 0:00,46
11-03-2012 9:00,108
18-03-2012 8:00,139
6-12-2011 3:00,5
5-11-2011 14:00,300
10-10-2012 11:00,252
2-11-2011 20:00,181
18-07-2011 21:00,189
9-03-2011 15:00,81
10-12-2012 17:00,413
2-01-2011 20:00,44
1-10-2012 10:00,181
17-07-2012 14:00,209
7-03-2012 15:00,237
9-02-2011 22:00,31
16-01-2011 1:00,33
19-02-2012 12:00,230
9-02-2011 2:00,2
6-09-2011 9:00,203
11-06-2011 8:00,151
8-02-2011 2:00,3
15-08-2012 14:00,263
17-05-2011 12:00,98
3-04-2012 18:00,729
14-05-2011 7:00,26
6-01-2011 8:00,204
4-05-2011 22:00,76
14-08-2011 18:00,332
1-12-2012 18:00,198
11-01-2011 17:00,133
10-02-2011 17:00,179
8-02-2011 23:00,17
13-03-2011 4:00,3
18-06-2012 15:00,248
16-04-2012 18:00,500
5-09-2011 10:00,266
17-09-2012 5:00,44
5-12-2011 19:00,256
10-01-2011 1:00,4
8-05-2012 8:00,624
8-07-2011 16:00,154
6-09-2012 7:00,395
6-11-2012 17:00,541
5-03-2012 20:00,128
1-10-2011 13:00,153
17-04-2011 14:00,300
18-08-2012 11:00,504
3-09-2012 22:00,126
13-03-2011 8:00,38
12-05-2011 8:00,421
10-10-2011 11:00,322
11-04-2012 10:00,167
15-05-2011 9:00,172
6-10-2011 17:00,539
12-06-2011 7:00,43
15-04-2011 20:00,97
5-04-2012 14:00,258
13-04-2012 14:00,275
10-05-2012 8:00,692
2-02-2011 15:00,80
9-03-2011 9:00,116
19-05-2012 20:00,410
11-07-2012 18:00,823
18-04-2012 2:00,8
19-09-2012 13:00,299
4-11-2012 20:00,154
15-12-2012 11:00,420
8-04-2012 3:00,23
11-09-2011 0:00,95
16-12-2012 11:00,300
3-03-2012 15:00,428
3-11-2011 12:00,168
15-01-2012 1:00,44
7-10-2011 1:00,13
7-11-2011 0:00,22
4-03-2011 18:00,179
14-03-2012 12:00,270
11-05-2012 4:00,7
16-12-2012 7:00,41
1-03-2011 11:00,57
12-01-2012 5:00,13
13-08-2011 21:00,148
19-11-2012 1:00,12
9-09-2012 12:00,627
6-09-2011 16:00,58
17-08-2012 14:00,306
16-08-2011 7:00,295
1-04-2011 6:00,27
3-06-2012 17:00,534
9-01-2012 17:00,174
18-10-2012 4:00,6
2-06-2012 21:00,238
2-12-2011 17:00,377
2-08-2012 14:00,217
3-12-2011 5:00,5
12-10-2012 19:00,444
2-05-2012 17:00,595
7-11-2012 14:00,201
5-04-2012 3:00,6
3-06-2012 12:00,567
1-04-2011 3:00,2
4-01-2011 5:00,6
6-04-2012 3:00,6
9-07-2012 18:00,779
17-08-2012 22:00,125
17-11-2012 14:00,504
19-03-2012 21:00,235
5-01-2012 15:00,182
17-02-2011 3:00,3
13-04-2011 4:00,3
18-11-2011 4:00,4
12-09-2011 6:00,104
13-12-2011 8:00,329
6-01-2011 21:00,63
11-11-2011 18:00,241
8-03-2012 16:00,395
5-09-2012 18:00,634
9-03-2011 9:00,117
2-06-2011 9:00,211
19-03-2012 14:00,233
10-11-2012 2:00,54
18-12-2012 21:00,183
2-05-2011 4:00,4
8-05-2011 4:00,9
17-08-2012 1:00,30
14-11-2011 23:00,82
15-11-2011 5:00,21
9-01-2012 23:00,43
10-11-2012 5:00,10
3-12-2011 14:00,256
8-03-2011 14:00,86
8-09-2012 15:00,191
13-08-2012 9:00,344
4-05-2011 6:00,16
17-03-2011 21:00,88
1-04-2012 2:00,45
15-03-2012 17:00,728
5-05-2012 10:00,423
11-10-2012 14:00,290
14-06-2012 5:00,34
1-08-2011 5:00,14
3-08-2011 3:00,4
9-06-2011 6:00,100
8-08-2011 17:00,544
16-04-2011 22:00,36
13-01-2011 5:00,6
7-04-2012 20:00,286
6-08-2012 1:00,23
8-07-2012 0:00,156
4-11-2011 12:00,143
8-04-2011 13:00,64
13-02-2011 17:00,147
1-08-2011 7:00,218
10-06-2011 1:00,20
11-03-2011 9:00,116
12-06-2012 18:00,564
15-05-2011 15:00,371
1-10-2011 12:00,175
8-01-2011 23:00,13
12-06-2012 0:00,49
7-04-2012 16:00,522
1-05-2012 8:00,496
14-09-2012 8:00,632
1-05-2011 17:00,140
4-11-2012 23:00,74
13-01-2012 9:00,257
6-01-2012 21:00,166
15-07-2011 21:00,203
13-05-2011 3:00,5
11-12-2012 23:00,103
9-06-2012 16:00,589
16-02-2012 22:00,100
10-12-2011 16:00,228
10-07-2012 16:00,427
2-10-2011 3:00,9
4-08-2011 3:00,3
11-07-2011 15:00,169
12-04-2012 20:00,271
5-01-2012 3:00,3
10-02-2011 20:00,70
13-06-2012 13:00,284
3-12-2011 6:00,8
19-11-2011 7:00,28
7-03-2011 6:00,36
17-04-2012 8:00,631
13-10-2012 17:00,471
11-05-2012 4:00,6
12-02-2011 7:00,9
9-04-2012 5:00,31
10-12-2011 9:00,115
6-12-2011 21:00,94
18-12-2012 0:00,20
5-06-2011 5:00,11
17-09-2011 11:00,304
12-12-2012 5:00,33
10-12-2011 20:00,115
13-04-2012 10:00,210
19-10-2011 2:00,7
19-02-2011 0:00,38
7-03-2012 4:00,3
14-10-2011 16:00,334
17-01-2012 21:00,173
13-08-2012 2:00,10
19-02-2011 6:00,6
3-08-2011 6:00,50
15-04-2012 8:00,193
8-02-2011 3:00,2
16-01-2011 10:00,83
12-12-2012 21:00,179
2-08-2012 9:00,291
17-12-2012 5:00,32
1-09-2011 2:00,7
19-04-2012 0:00,30
19-02-2011 18:00,109
5-04-2011 16:00,140
8-06-2011 18:00,491
18-10-2011 18:00,472
19-02-2012 23:00,35
9-01-2011 10:00,77
16-02-2011 1:00,5
13-12-2012 0:00,33
1-06-2012 16:00,263
18-03-2011 7:00,164
16-12-2012 4:00,8
5-05-2012 0:00,131
16-08-2012 19:00,602
6-08-2011 16:00,243
2-04-2012 6:00,101
13-01-2012 19:00,222
8-05-2011 19:00,274
8-08-2011 15:00,180
4-11-2011 4:00,3
1-08-2012 22:00,197
16-02-2012 6:00,93
16-01-2012 4:00,2
1-07-2012 3:00,29
18-06-2011 23:00,129
13-10-2011 6:00,63
2-01-2011 0:00,37
5-08-2011 0:00,48
3-10-2012 15:00,263
18-09-2012 9:00,286
9-10-2012 19:00,463
4-10-2012 9:00,292
10-08-2011 16:00,298
7-05-2012 5:00,36
4-02-2012 5:00,5
8-04-2012 4:00,12
2-07-2012 13:00,250
6-12-2011 16:00,66
3-10-2011 20:00,95
1-03-2012 22:00,87
10-05-2012 10:00,208
2-09-2011 20:00,235
1-09-2011 11:00,122
5-02-2012 6:00,7
7-06-2011 21:00,199
5-11-2011 22:00,82
7-04-2011 14:00,168
17-05-2012 2:00,13
7-02-2012 14:00,197
9-02-2012 0:00,20
12-02-2011 9:00,39
2-06-2011 23:00,79
9-11-2011 14:00,178
12-09-2012 10:00,222
12-03-2012 6:00,99
10-05-2012 3:00,6
19-01-2012 0:00,12
10-06-2012 22:00,202
4-11-2011 20:00,150
4-01-2012 13:00,91
2-09-2011 5:00,14
19-02-2011 16:00,134
3-05-2012 18:00,699
15-12-2012 23:00,92
1-05-2012 10:00,168
5-06-2012 20:00,367
1-01-2011 12:00,102
14-06-2012 2:00,8
1-07-2012 23:00,93
11-06-2012 22:00,203
16-05-2012 18:00,825
13-03-2011 0:00,44
12-06-2012 0:00,49
9-03-2012 14:00,211
7-10-2011 0:00,33
5-10-2011 21:00,177
11-02-2011 5:00,9
13-10-2012 0:00,114
7-11-2012 18:00,471
2-01-2012 19:00,112
3-12-2012 7:00,372
5-08-2012 17:00,524
14-03-2012 20:00,369
6-12-2011 1:00,13
5-11-2011 16:00,270
9-07-2012 11:00,231
3-03-2011 18:00,160
8-05-2011 14:00,401
4-09-2011 13:00,326
5-06-2012 17:00,799
7-11-2011 18:00,431
2-03-2012 0:00,21
2-10-2011 20:00,109
13-03-2012 7:00,300
12-06-2011 18:00,322
13-04-2012 17:00,740
14-07-2011 2:00,11
11-12-2011 11:00,239
4-04-2011 12:00,152
16-03-2012 7:00,309
16-05-2012 17:00,835
5-04-2012 11:00,205
11-11-2012 0:00,104
2-09-2011 3:00,4
2-05-2012 13:00,195
8-06-2012 16:00,472
11-11-2012 2:00,57
15-02-2012 12:00,180
14-04-2012 4:00,9
13-09-2011 23:00,96
1-03-2011 12:00,69
17-05-2011 3:00,3
19-09-2011 10:00,138
15-05-2011 2:00,41
2-11-2012 14:00,236
6-03-2012 20:00,170
8-08-2012 14:00,258
6-03-2012 17:00,385
11-01-2011 9:00,120
1-11-2011 8:00,299
19-11-2012 3:00,5
14-03-2012 6:00,136
2-02-2012 20:00,170
3-11-2011 0:00,26
9-03-2011 4:00,2
9-04-2011 3:00,9
14-08-2012 6:00,101
15-11-2012 0:00,37
13-12-2012 1:00,14
3-09-2012 2:00,49
1-11-2011 2:00,5
1-04-2011 5:00,8
1-01-2012 21:00,87
16-05-2012 15:00,284
15-07-2011 5:00,24
2-12-2011 5:00,13
2-02-2012 12:00,177
11-08-2011 4:00,6
11-10-2012 19:00,465
6-06-2011 2:00,8
13-11-2011 1:00,57
8-06-2011 12:00,172
3-07-2012 11:00,212
17-01-2011 15:00,79
16-04-2011 10:00,34
15-04-2011 9:00,184
7-05-2011 9:00,189
10-12-2012 2:00,6
9-09-2011 22:00,111
1-06-2012 9:00,275
18-05-2012 11:00,273
5-12-2011 18:00,383
9-04-2011 19:00,129
5-08-2011 12:00,201
14-08-2012 13:00,266
15-06-2011 22:00,172
8-07-2011 4:00,6
15-10-2012 5:00,36
14-01-2012 6:00,6
8-02-2012 23:00,51
13-07-2012 15:00,306
17-10-2012 7:00,440
2-07-2012 3:00,6
17-11-2012 8:00,124
18-11-2011 8:00,350
14-10-2012 2:00,64
14-01-2011 7:00,119
15-12-2012 10:00,320
18-12-2011 1:00,46
16-02-2011 5:00,7
4-08-2011 8:00,362
19-07-2011 19:00,340
8-11-2012 0:00,35
13-10-2012 18:00,406
4-05-2012 0:00,50
16-06-2011 17:00,427
11-10-2011 17:00,434
12-10-2012 3:00,6
19-11-2011 17:00,273
7-02-2011 5:00,8
5-05-2012 15:00,316
19-05-2012 7:00,83
11-04-2012 6:00,108
9-03-2012 17:00,552
9-11-2012 21:00,183
5-06-2011 17:00,392
15-03-2012 18:00,710
7-07-2012 4:00,13
3-05-2012 8:00,340
11-09-2012 22:00,226
3-01-2011 16:00,87
12-03-2012 2:00,7
14-05-2011 23:00,48
11-05-2011 13:00,185
8-10-2011 13:00,435
13-09-2011 19:00,368
11-05-2011 18:00,528
12-11-2011 11:00,251
17-02-2012 7:00,234
12-08-2012 10:00,436
19-09-2011 0:00,37
16-12-2011 23:00,64
9-08-2012 18:00,764
17-08-2011 19:00,366
2-11-2011 4:00,4
1-11-2011 7:00,215
13-08-2011 6:00,20
2-12-2012 13:00,419
1-10-2011 0:00,59
9-09-2012 23:00,124
2-04-2011 20:00,89
19-06-2011 7:00,41
16-07-2011 15:00,395
15-10-2012 3:00,5
16-08-2011 17:00,526
18-11-2011 22:00,82
15-08-2012 19:00,592
5-01-2012 9:00,235
6-06-2011 9:00,231
7-07-2011 15:00,168
16-07-2011 7:00,50
4-11-2012 0:00,91
2-08-2012 6:00,136
1-01-2012 8:00,35
9-11-2012 5:00,35
4-09-2011 1:00,72
17-01-2012 2:00,4
18-11-2012 2:00,54
3-05-2011 12:00,141
2-03-2012 18:00,215
11-09-2012 3:00,7
6-06-2011 19:00,381
6-08-2012 6:00,159
4-04-2012 11:00,211
19-03-2011 0:00,60
1-04-2012 3:00,18
19-04-2011 1:00,14
16-02-2011 15:00,106
16-07-2012 22:00,222
14-02-2012 4:00,3
13-12-2012 3:00,5
19-09-2011 22:00,140
5-12-2011 7:00,247
4-02-2012 18:00,98
9-02-2011 23:00,22
6-06-2011 6:00,99
12-04-2012 22:00,164
17-07-2011 19:00,290
13-03-2012 16:00,387
16-06-2012 18:00,543
16-04-2011 13:00,29
16-11-2012 21:00,199
14-12-2012 3:00,5
9-06-2012 13:00,586
6-06-2011 15:00,187
2-04-2012 21:00,210
14-01-2011 20:00,65
15-01-2012 3:00,13
3-09-2012 8:00,158
4-08-2011 9:00,208
10-07-2012 0:00,56
12-08-2011 10:00,143
2-02-2011 15:00,75
8-04-2012 6:00,19
2-05-2011 23:00,57
15-06-2012 1:00,25
15-09-2011 3:00,6
8-12-2012 2:00,43
6-11-2011 14:00,322
11-10-2012 23:00,130
12-06-2012 17:00,456
1-03-2011 20:00,74
11-02-2012 9:00,69
3-12-2011 15:00,255
11-10-2012 9:00,338
1-03-2011 10:00,50
6-10-2011 11:00,159
16-04-2012 10:00,333
11-06-2012 15:00,281
5-03-2012 11:00,108
8-07-2012 5:00,12
13-05-2011 0:00,35
13-08-2011 1:00,95
9-06-2011 7:00,304
7-11-2011 20:00,200
19-03-2011 9:00,77
14-11-2011 13:00,184
11-12-2011 8:00,57
18-11-2012 20:00,185
13-02-2012 11:00,106
18-04-2012 18:00,457
8-08-2011 6:00,113
3-07-2011 10:00,253
18-08-2012 6:00,24
13-03-2012 2:00,5
7-08-2012 18:00,755
7-02-2011 22:00,48
5-06-2012 22:00,224
12-06-2011 11:00,344
13-01-2012 11:00,114
8-07-2012 22:00,130
17-09-2011 23:00,87
5-02-2012 4:00,6
1-05-2011 19:00,134
6-10-2012 14:00,588
4-09-2012 16:00,369
7-11-2012 1:00,15
16-04-2011 14:00,89
17-07-2012 17:00,663
16-10-2012 21:00,274
9-05-2011 15:00,177
5-09-2011 9:00,167
6-10-2012 12:00,632
14-05-2012 7:00,152
7-08-2012 12:00,260
8-06-2012 23:00,180
7-09-2011 21:00,79
9-06-2012 13:00,587
15-06-2012 23:00,171
18-08-2012 19:00,450
15-12-2012 8:00,111
4-01-2012 14:00,89
1-04-2012 7:00,38
5-12-2011 8:00,304
12-01-2011 8:00,203
4-02-2012 19:00,80
12-03-2011 2:00,25
2-09-2011 5:00,14
6-12-2011 22:00,49
8-08-2011 21:00,191
9-02-2011 20:00,48
5-09-2012 3:00,6
15-11-2012 22:00,139
9-05-2012 4:00,4
1-03-2011 6:00,29
8-02-2011 10:00,51
9-02-2011 0:00,9
7-05-2011 10:00,287
1-11-2012 8:00,576
19-03-2011 9:00,79
6-02-2011 15:00,148
16-02-2011 7:00,104
6-10-2011 9:00,226
14-08-2012 21:00,289
16-02-2011 12:00,86
7-05-2011 6:00,18
5-08-2012 15:00,458
18-07-2012 12:00,229
15-04-2012 23:00,113
9-08-2011 17:00,551
9-06-2012 15:00,561
11-04-2012 18:00,359
9-09-2012 3:00,28
10-09-2012 12:00,319
15-09-2012 0:00,175
15-11-2011 1:00,13
18-02-2011 11:00,91
4-07-2011 2:00,32
2-07-2011 2:00,49
16-06-2011 1:00,18
2-11-2011 2:00,5
3-12-2012 5:00,25
12-12-2011 0:00,20
4-08-2012 4:00,11
2-07-2012 2:00,9
6-05-2012 23:00,112
3-05-2012 10:00,167
5-03-2012 6:00,65
17-01-2011 20:00,33
19-05-2011 15:00,175
1-05-2011 13:00,244
5-03-2011 0:00,36
18-01-2012 18:00,272
9-03-2011 20:00,78
7-02-2012 18:00,443
15-08-2012 1:00,25
17-06-2012 13:00,576
9-04-2012 16:00,397
15-09-2012 5:00,12
10-05-2011 14:00,169
13-06-2012 8:00,627
17-01-2012 15:00,179
7-06-2011 13:00,173
16-04-2011 4:00,5
11-09-2012 15:00,301
2-04-2012 20:00,298
9-07-2011 17:00,393
19-07-2011 9:00,213
13-06-2012 2:00,9
4-10-2011 8:00,337
9-05-2011 13:00,186
14-11-2012 13:00,256
4-09-2011 3:00,19
19-08-2012 8:00,182
10-03-2012 12:00,284
7-10-2011 6:00,103
19-12-2011 10:00,97
14-06-2011 21:00,187
12-01-2012 12:00,132
6-04-2011 22:00,111
19-05-2012 0:00,131
3-07-2012 3:00,5
14-03-2011 19:00,143
13-07-2012 13:00,309
14-03-2011 14:00,80
15-02-2012 9:00,219
2-11-2012 13:00,266
8-02-2012 22:00,89
1-05-2011 18:00,137
19-12-2011 20:00,178
14-03-2011 9:00,112
18-12-2011 3:00,11
18-05-2012 0:00,61
1-07-2011 16:00,244
6-03-2012 6:00,72
17-12-2012 22:00,119
17-03-2012 21:00,204
10-10-2011 19:00,243
15-09-2012 4:00,12
8-02-2012 3:00,4
6-01-2012 15:00,246
19-04-2012 8:00,602
12-07-2012 4:00,7
19-04-2012 0:00,26
2-04-2012 16:00,361
16-02-2012 17:00,235
19-08-2012 15:00,462
2-05-2012 23:00,85
7-03-2012 14:00,231
17-02-2011 18:00,309
1-05-2011 16:00,233
11-02-2012 5:00,4
13-07-2012 6:00,199
9-02-2011 14:00,59
19-08-2012 2:00,69
14-08-2012 7:00,382
15-01-2011 0:00,26
2-07-2011 0:00,81
4-04-2011 2:00,5
18-01-2012 8:00,415
15-11-2012 23:00,98
13-07-2012 23:00,187
17-07-2012 8:00,626
8-10-2012 21:00,166
19-05-2012 2:00,71
11-01-2012 22:00,85
18-03-2011 10:00,101
19-09-2011 8:00,417
2-05-2012 20:00,269
10-07-2011 0:00,119
6-04-2012 11:00,220
13-10-2012 16:00,564
1-06-2011 19:00,262
2-11-2011 0:00,19
17-12-2011 15:00,227
4-07-2011 21:00,162
3-11-2012 1:00,82
6-12-2012 9:00,371
13-10-2012 10:00,393
18-02-2011 21:00,112
8-04-2012 21:00,211
16-10-2012 0:00,48
13-10-2011 9:00,96
4-10-2012 11:00,213
9-12-2012 10:00,285
18-08-2012 13:00,595
13-02-2011 4:00,2
3-08-2011 12:00,139
8-02-2012 9:00,240
8-08-2012 17:00,762
15-10-2011 6:00,18
4-06-2011 7:00,48
7-06-2011 5:00,23
4-07-2011 10:00,242
6-01-2012 0:00,19
19-11-2011 3:00,11
8-04-2011 9:00,169
7-10-2012 6:00,22
7-05-2012 2:00,10
3-06-2012 20:00,333
2-02-2011 21:00,54
17-05-2012 22:00,231
14-03-2012 22:00,179
2-09-2011 11:00,116
17-10-2011 8:00,398
17-09-2011 18:00,304
6-12-2012 11:00,177
17-04-2012 20:00,358
5-06-2012 4:00,4
6-01-2011 16:00,89
15-09-2012 2:00,83
12-01-2012 1:00,7
14-11-2011 12:00,194
13-09-2012 21:00,315
12-02-2012 2:00,20
17-09-2012 15:00,266
10-05-2011 8:00,394
11-10-2011 7:00,250
1-12-2012 8:00,95
16-07-2012 6:00,164
16-01-2012 14:00,196
12-11-2012 11:00,418
17-12-2011 14:00,232
16-06-2011 10:00,138
2-09-2011 23:00,86
5-08-2012 11:00,446
15-02-2012 6:00,93
5-07-2012 22:00,223
2-06-2011 11:00,135
16-12-2011 21:00,134
4-10-2011 13:00,159
9-02-2011 13:00,60
2-01-2011 12:00,136
19-03-2011 1:00,43
6-11-2012 16:00,341
4-05-2012 10:00,191
5-09-2011 17:00,194
10-06-2011 12:00,202
12-11-2012 23:00,91
5-03-2012 19:00,210
4-05-2011 3:00,2
9-08-2011 12:00,178
7-06-2011 6:00,116
8-05-2012 3:00,5
19-10-2012 20:00,308
9-11-2011 9:00,172
19-03-2012 3:00,5
1-11-2012 6:00,126
8-07-2011 14:00,175
7-08-2012 13:00,259
5-12-2012 13:00,281
9-02-2012 21:00,136
2-05-2011 15:00,158
5-08-2012 4:00,13
18-12-2012 15:00,259
15-04-2011 14:00,253
19-02-2012 14:00,255
18-07-2012 9:00,289
11-07-2012 20:00,434
19-11-2012 2:00,6
1-01-2012 2:00,37
9-04-2011 4:00,4
1-03-2012 15:00,210
16-05-2012 5:00,30
6-12-2011 14:00,43
14-02-2011 5:00,8
11-05-2011 7:00,293
13-12-2011 22:00,93
10-02-2011 23:00,25
1-09-2012 12:00,407
18-12-2011 14:00,234
19-12-2011 11:00,108
14-06-2012 3:00,7
3-07-2011 6:00,10
3-02-2011 9:00,113
19-06-2011 22:00,145
10-12-2012 17:00,389
9-08-2012 14:00,265
13-08-2012 13:00,273
12-03-2011 19:00,123
19-09-2011 18:00,471
12-09-2012 11:00,253
14-10-2012 22:00,141
10-03-2012 20:00,125
17-02-2011 20:00,141
8-07-2012 16:00,503
11-07-2012 1:00,22
15-05-2012 14:00,230
9-07-2012 19:00,568
17-11-2011 9:00,192
13-03-2012 3:00,3
19-10-2012 2:00,7
7-02-2011 9:00,118
15-07-2012 17:00,527
4-07-2011 21:00,174
18-08-2012 10:00,436
15-03-2011 23:00,29
8-11-2011 8:00,316
1-01-2011 18:00,29
19-01-2012 2:00,3
14-07-2011 22:00,176
2-08-2012 18:00,649
6-06-2011 11:00,156
2-05-2011 4:00,4
1-02-2011 10:00,40
2-07-2011 1:00,71
8-12-2011 19:00,229
17-09-2011 22:00,131
11-05-2011 17:00,564
7-12-2011 4:00,3
16-12-2011 1:00,16
10-06-2011 2:00,11
4-12-2011 14:00,267
19-04-2012 4:00,6
11-10-2012 17:00,758
15-04-2011 22:00,46
10-06-2012 0:00,147
1-08-2011 20:00,232
3-02-2012 20:00,181
11-07-2011 12:00,182
16-08-2011 20:00,272
2-04-2011 4:00,4
9-01-2012 13:00,121
18-04-2012 15:00,108
13-03-2011 7:00,17
11-10-2011 5:00,21
4-08-2011 18:00,407
3-10-2011 22:00,92
17-02-2012 4:00,3
6-11-2011 17:00,299
12-08-2011 22:00,172
10-09-2011 20:00,263
2-12-2012 1:00,70
9-08-2012 12:00,288
10-10-2012 7:00,470
18-11-2011 3:00,4
11-12-2012 14:00,236
7-02-2012 17:00,461
9-08-2012 4:00,6
11-07-2011 0:00,44
7-08-2012 11:00,214
2-01-2012 18:00,150
18-01-2012 3:00,4
8-09-2011 10:00,69
14-07-2012 20:00,275
12-01-2012 10:00,124
5-09-2011 19:00,120
7-11-2011 9:00,140
6-12-2011 1:00,11
6-06-2012 22:00,217
12-03-2011 14:00,154
17-08-2012 0:00,79
1-07-2012 1:00,103
9-01-2012 22:00,77
1-02-2011 23:00,13
14-03-2012 13:00,277
11-05-2012 18:00,778
11-11-2012 7:00,48
15-11-2011 7:00,287
4-07-2011 15:00,304
12-09-2012 19:00,603
9-12-2011 5:00,18
18-10-2011 9:00,199
2-07-2011 23:00,102
4-01-2011 21:00,56
5-09-2011 18:00,219
3-07-2011 23:00,75
13-04-2011 5:00,9
15-01-2011 12:00,123
13-09-2011 7:00,302
19-10-2012 4:00,6
18-11-2012 11:00,387
7-01-2011 8:00,196
17-07-2012 19:00,530
12-12-2012 12:00,233
15-11-2012 19:00,404
19-12-2011 16:00,207
12-12-2011 20:00,171
5-06-2011 13:00,399
2-09-2012 15:00,276
12-06-2011 12:00,401
2-09-2012 7:00,50
17-08-2011 6:00,103
19-08-2011 4:00,4
3-01-2012 19:00,174
7-09-2011 8:00,157
16-09-2011 21:00,166
1-01-2012 4:00,4
6-09-2012 1:00,18
15-02-2011 12:00,71
3-11-2012 16:00,405
14-02-2012 19:00,258
19-04-2011 6:00,84
1-12-2012 13:00,279
3-04-2012 3:00,5
17-06-2012 19:00,415
12-01-2011 14:00,55
14-12-2012 1:00,13
10-08-2011 0:00,45
16-11-2012 8:00,629
10-01-2012 22:00,104
1-04-2011 17:00,248
14-06-2012 20:00,447
6-01-2012 17:00,505
18-05-2011 22:00,132
2-03-2012 19:00,171
12-12-2011 15:00,153
11-05-2012 6:00,153
7-07-2012 5:00,13
6-03-2011 1:00,36
1-02-2011 15:00,55
6-04-2012 10:00,188
5-09-2012 16:00,394
7-12-2011 22:00,12
1-11-2011 0:00,17
16-11-2012 8:00,615
14-11-2011 7:00,266
14-09-2011 10:00,134
9-11-2011 7:00,274
2-12-2011 22:00,86
6-02-2011 7:00,10
10-09-2012 1:00,21
5-09-2011 0:00,71
7-07-2011 8:00,416
1-12-2011 5:00,11
8-02-2012 7:00,255
1-09-2012 5:00,12
9-11-2012 22:00,154
19-04-2011 14:00,140
9-04-2011 15:00,144
8-01-2012 13:00,374
13-10-2011 21:00,172
18-10-2011 7:00,245
17-03-2011 5:00,10
1-12-2011 9:00,172
9-02-2011 13:00,67
1-11-2011 13:00,152
19-02-2012 6:00,7
4-04-2011 20:00,189
9-07-2011 8:00,141
6-07-2012 1:00,26
8-09-2012 9:00,257
18-01-2012 14:00,128
10-01-2012 2:00,4
15-06-2011 10:00,137
7-09-2012 6:00,184
10-09-2011 10:00,294
17-12-2011 20:00,92
15-11-2011 20:00,192
8-03-2012 11:00,194
4-09-2011 6:00,14
16-10-2012 15:00,275
1-07-2011 1:00,14
3-11-2012 12:00,424
15-04-2012 17:00,547
9-10-2012 11:00,219
4-03-2012 18:00,164
1-12-2012 3:00,19
6-10-2011 17:00,543
19-03-2012 4:00,6
19-11-2011 12:00,299
14-08-2012 18:00,746
2-02-2012 23:00,56
13-06-2012 20:00,443
19-11-2012 16:00,357
16-10-2011 12:00,400
9-03-2012 8:00,445
1-07-2011 18:00,426
7-08-2012 5:00,37
14-06-2011 17:00,495
16-02-2011 12:00,87
17-09-2012 17:00,786
19-08-2011 19:00,242
16-10-2012 19:00,501
3-12-2012 4:00,5
8-09-2011 20:00,147
2-04-2012 20:00,259
18-10-2012 22:00,166
18-05-2011 16:00,278
13-06-2011 20:00,290
10-10-2011 5:00,12
6-12-2011 0:00,31
15-10-2011 3:00,16
12-08-2012 22:00,210
5-11-2012 9:00,323
4-08-2011 11:00,129
16-05-2012 10:00,220
14-04-2012 11:00,484
13-07-2012 23:00,183
4-10-2012 10:00,161
7-10-2012 18:00,183
16-03-2011 13:00,87
17-08-2011 18:00,521
18-06-2011 4:00,10
1-06-2012 20:00,109
5-08-2011 6:00,109
16-10-2011 2:00,48
3-09-2012 17:00,509
18-10-2011 16:00,318
13-07-2011 13:00,154
11-01-2012 5:00,19
6-12-2011 4:00,3
10-02-2011 16:00,80
19-07-2011 4:00,5
4-02-2011 8:00,215
14-04-2012 1:00,83
16-03-2011 11:00,68
6-08-2011 19:00,193
5-12-2012 9:00,328
3-05-2011 0:00,22
13-12-2012 21:00,187
3-04-2011 20:00,75
19-12-2012 17:00,582
13-07-2011 4:00,5
10-01-2011 9:00,116
19-05-2012 4:00,15
9-11-2011 6:00,98
12-10-2012 16:00,419
5-03-2011 4:00,2
5-03-2011 2:00,21
9-02-2011 11:00,52
5-03-2012 9:00,228
3-02-2012 0:00,22
8-08-2011 23:00,95
14-04-2012 15:00,536
7-01-2012 17:00,426
6-03-2011 6:00,4
4-08-2012 21:00,210
7-07-2011 16:00,288
10-07-2012 10:00,197
13-04-2011 12:00,61
4-03-2011 14:00,83
15-10-2012 19:00,242
10-07-2011 2:00,65
8-03-2011 13:00,92
10-04-2012 11:00,219
6-09-2011 17:00,223
9-01-2011 9:00,38
15-08-2011 14:00,170
1-03-2011 8:00,174
11-01-2011 19:00,83
18-09-2011 0:00,90
8-11-2011 12:00,194
3-10-2011 9:00,190
6-12-2011 13:00,46
18-02-2011 4:00,3
13-10-2011 14:00,167
17-09-2012 2:00,10
15-04-2012 11:00,477
2-03-2011 8:00,204
15-10-2011 10:00,284
4-08-2012 5:00,11
6-09-2011 15:00,50
12-03-2012 9:00,254
11-06-2012 14:00,264
19-10-2011 0:00,35
8-11-2012 19:00,410
1-07-2011 5:00,14
17-11-2012 10:00,364
16-05-2011 2:00,6
10-08-2012 12:00,300
19-06-2012 18:00,754
5-09-2011 3:00,19
14-12-2011 4:00,4
2-08-2012 8:00,577
5-03-2012 10:00,99
4-01-2012 18:00,281
17-07-2012 11:00,217
5-08-2011 10:00,133
12-12-2011 16:00,196
16-01-2012 6:00,7
3-02-2012 23:00,50
3-05-2011 2:00,6
4-06-2011 21:00,169
19-10-2011 18:00,176
16-08-2012 10:00,209
1-01-2011 14:00,115
14-12-2011 3:00,5
17-01-2012 18:00,476
19-11-2012 20:00,245
19-10-2011 16:00,119
16-04-2012 0:00,52
6-06-2012 12:00,303
11-11-2011 13:00,238
11-03-2011 5:00,9
10-04-2011 7:00,21
8-08-2012 21:00,294
5-03-2011 18:00,194
5-11-2011 6:00,10
16-07-2011 20:00,276
13-12-2012 0:00,33
4-01-2012 9:00,289
18-08-2011 11:00,149
15-11-2012 22:00,136
13-11-2012 14:00,239
9-12-2011 21:00,136
6-04-2012 3:00,6
10-08-2012 16:00,449
17-09-2011 4:00,9
16-11-2011 21:00,71
12-06-2011 19:00,273
1-12-2011 7:00,188
16-07-2011 9:00,221
4-09-2011 23:00,90
19-08-2011 12:00,199
15-10-2012 23:00,109
5-07-2012 17:00,612
15-08-2011 9:00,226
14-01-2011 22:00,38
15-12-2012 16:00,459
1-04-2011 4:00,2
14-08-2012 2:00,7
11-04-2012 1:00,12
11-06-2012 8:00,665
14-03-2011 7:00,115
17-06-2012 22:00,184
16-09-2011 2:00,7
8-08-2011 19:00,370
19-05-2012 21:00,286
18-05-2012 12:00,341
6-08-2012 22:00,224
19-09-2012 17:00,850
18-04-2012 7:00,375
18-02-2012 0:00,69
14-02-2011 19:00,122
17-08-2012 15:00,312
11-03-2011 16:00,107
17-05-2011 22:00,102
13-04-2011 6:00,28
17-10-2011 10:00,139
9-07-2012 10:00,167
10-10-2012 20:00,355
5-08-2012 22:00,168
18-06-2011 22:00,184
9-06-2012 11:00,518
9-03-2011 12:00,67
12-04-2012 19:00,424
10-10-2011 20:00,222
19-03-2011 13:00,248
11-09-2011 15:00,391
13-06-2012 15:00,289
8-03-2012 20:00,322
12-01-2011 23:00,16
13-12-2011 3:00,3
5-08-2011 10:00,135
8-05-2011 23:00,80
8-12-2011 4:00,4
13-07-2012 17:00,841
9-10-2011 7:00,46
17-10-2012 0:00,39
5-07-2012 11:00,200
7-09-2011 11:00,36
10-02-2011 1:00,5
4-05-2012 16:00,397
19-09-2011 23:00,82
16-12-2011 10:00,119
14-06-2011 7:00,278
6-11-2011 9:00,121
18-01-2012 17:00,300
9-12-2012 19:00,138
15-11-2011 18:00,403
1-10-2011 12:00,170
10-06-2011 20:00,288
1-08-2011 9:00,164
8-07-2012 6:00,25
8-10-2012 18:00,409
14-06-2011 23:00,78
1-06-2011 0:00,27
2-08-2012 20:00,343
8-08-2011 9:00,223
7-06-2012 12:00,315
8-09-2012 22:00,154
16-12-2011 15:00,149
9-10-2011 8:00,95
19-08-2012 11:00,251
13-04-2011 17:00,281
11-03-2012 13:00,398
18-09-2012 2:00,5
5-11-2012 11:00,225
17-05-2011 15:00,173
11-06-2011 10:00,295
18-06-2012 17:00,628
13-06-2012 7:00,423
4-05-2011 18:00,295
14-07-2012 22:00,196
7-08-2012 9:00,323
3-12-2012 20:00,265
17-07-2011 9:00,210
5-01-2012 10:00,99
1-09-2011 1:00,12
3-08-2011 2:00,8
2-05-2012 7:00,340
7-02-2011 13:00,86
10-02-2012 5:00,18
6-07-2012 2:00,11
17-04-2012 17:00,749
6-10-2011 6:00,96
1-07-2012 14:00,378
4-09-2012 23:00,118
15-02-2012 15:00,199
7-09-2012 0:00,55
13-07-2011 10:00,130
10-06-2011 21:00,198
19-01-2012 19:00,205
8-05-2011 16:00,406
19-12-2011 18:00,337
13-08-2011 19:00,233
10-05-2011 22:00,144
14-08-2012 16:00,420
4-09-2012 6:00,125
1-08-2011 21:00,153
3-12-2012 0:00,28
18-10-2011 14:00,181
19-09-2012 21:00,256
10-01-2012 13:00,198
17-12-2012 23:00,53
19-01-2012 22:00,76
15-04-2011 21:00,73
14-11-2012 18:00,546
19-08-2012 6:00,24
19-05-2012 16:00,621
5-03-2012 5:00,16
18-01-2011 13:00,36
1-02-2012 6:00,53
3-12-2012 16:00,443
16-06-2012 11:00,540
12-02-2012 15:00,144
6-09-2012 6:00,167
3-08-2012 5:00,31
6-07-2012 15:00,242
7-11-2011 8:00,309
4-06-2012 14:00,261
18-11-2012 8:00,155
2-10-2012 18:00,279
15-07-2011 20:00,300
7-09-2012 17:00,758
1-11-2011 21:00,113
3-09-2012 13:00,401
12-03-2012 1:00,11
17-10-2012 13:00,279
15-07-2011 0:00,51
9-04-2012 22:00,138
10-06-2011 7:00,320
15-02-2012 20:00,188
15-10-2012 20:00,308
8-08-2011 16:00,287
3-09-2012 1:00,75
1-12-2012 15:00,341
8-08-2011 7:00,310
6-10-2012 7:00,71
17-02-2011 4:00,3
7-11-2012 6:00,126
9-06-2011 6:00,93
7-12-2012 17:00,572
18-08-2011 0:00,48
18-09-2011 2:00,43
19-04-2011 15:00,146
3-10-2012 6:00,113
7-01-2011 14:00,61
11-08-2011 14:00,186
10-09-2012 10:00,227
4-02-2011 19:00,114
10-12-2012 21:00,178
2-07-2011 3:00,20
18-05-2012 21:00,304
2-07-2011 16:00,320
16-06-2012 7:00,74
5-02-2011 19:00,31
2-11-2012 8:00,634
19-07-2012 15:00,273
11-07-2012 13:00,284
9-01-2012 22:00,79
2-02-2012 0:00,34
11-04-2012 9:00,292
19-04-2012 3:00,6
6-04-2012 20:00,313
7-03-2011 4:00,1
6-03-2011 6:00,3
15-02-2012 21:00,150
7-06-2012 7:00,431
2-08-2011 16:00,238
14-04-2012 6:00,17
14-10-2011 15:00,203
3-02-2011 8:00,206
17-12-2011 2:00,35
9-03-2012 10:00,141
6-08-2012 13:00,273
7-05-2012 6:00,161
3-02-2011 14:00,57
1-01-2012 10:00,141
9-06-2011 22:00,168
12-08-2012 11:00,528
17-03-2011 1:00,8
15-03-2011 10:00,59
7-07-2012 10:00,323
6-10-2011 8:00,378
14-03-2011 10:00,70
15-03-2012 23:00,102
12-07-2011 9:00,218
8-12-2011 18:00,308
5-10-2012 5:00,39
15-05-2012 23:00,66
3-06-2011 14:00,161
15-01-2012 16:00,186
2-02-2012 4:00,3
14-08-2011 17:00,379
5-05-2012 12:00,585
12-02-2012 16:00,172
3-07-2011 4:00,9
6-06-2011 16:00,303
19-11-2011 6:00,9
13-02-2012 5:00,17
8-10-2012 10:00,331
5-11-2012 5:00,31
18-06-2011 20:00,266
8-01-2011 18:00,65
17-04-2012 11:00,224
14-07-2011 0:00,49
4-11-2012 8:00,141
4-11-2012 18:00,319
3-01-2012 7:00,201
2-11-2012 19:00,385
8-03-2012 4:00,5
2-05-2012 16:00,375
13-05-2012 4:00,12
14-09-2012 1:00,27
3-02-2011 19:00,114
11-08-2012 9:00,248
9-01-2011 7:00,7
12-01-2011 5:00,8
17-05-2012 14:00,295
17-08-2011 7:00,304
19-01-2012 16:00,176
16-11-2012 0:00,41
1-12-2012 9:00,121
10-05-2012 9:00,349
15-05-2012 21:00,150
4-11-2012 11:00,421
14-10-2011 3:00,5
9-07-2012 5:00,35
2-06-2011 17:00,431
6-07-2011 14:00,170
15-10-2012 4:00,6
12-08-2011 11:00,169
17-04-2011 16:00,289
8-01-2012 18:00,218
17-01-2012 23:00,77
10-11-2011 12:00,157
17-06-2012 15:00,556
4-05-2011 7:00,48
12-02-2012 23:00,26
5-05-2012 12:00,576
19-04-2011 22:00,116
17-05-2011 7:00,201
5-02-2012 15:00,216
18-04-2011 10:00,110
15-10-2011 23:00,109
13-11-2012 5:00,32
1-11-2012 10:00,118
8-09-2011 15:00,63
11-02-2012 14:00,231
4-11-2012 16:00,447
4-08-2011 13:00,156
5-11-2012 14:00,260
2-11-2012 15:00,252
3-04-2011 6:00,6
11-07-2012 10:00,208
5-09-2012 6:00,168
16-09-2011 14:00,182
10-11-2012 9:00,239
10-05-2012 5:00,36
19-03-2012 15:00,252
6-08-2011 16:00,250
16-04-2011 19:00,54
14-11-2012 11:00,198
8-04-2011 3:00,5
4-05-2012 15:00,250
9-10-2012 14:00,256
2-05-2012 1:00,17
7-07-2011 18:00,502
7-05-2011 21:00,160
14-02-2011 14:00,112
12-02-2012 22:00,50
9-03-2011 10:00,55
12-07-2011 8:00,426
1-04-2011 19:00,176
10-11-2011 1:00,10
14-07-2012 13:00,551
14-09-2011 8:00,415
11-07-2011 14:00,163
19-04-2012 20:00,350
10-06-2011 14:00,180
15-07-2011 4:00,6
8-06-2011 16:00,259
11-01-2011 0:00,10
9-09-2012 7:00,75
18-05-2012 13:00,326
16-12-2012 22:00,98
2-10-2012 0:00,47
1-10-2011 19:00,110
12-06-2012 20:00,348
12-02-2011 20:00,51
9-03-2012 6:00,93
15-05-2011 4:00,9
12-02-2012 14:00,181
16-09-2011 1:00,14
1-03-2012 19:00,346
16-07-2011 7:00,52
3-11-2011 4:00,3
12-05-2011 8:00,448
17-01-2011 21:00,27
16-10-2012 14:00,270
7-05-2012 12:00,265
12-12-2012 19:00,356
11-08-2012 16:00,560
18-01-2012 5:00,16
11-12-2011 16:00,259
15-05-2011 8:00,82
5-04-2012 2:00,9
5-08-2011 7:00,299
17-04-2011 9:00,112
7-12-2011 19:00,52
7-11-2012 18:00,486
15-07-2012 20:00,272
5-09-2012 2:00,8
11-12-2012 8:00,593
9-07-2011 21:00,200
7-12-2011 11:00,45
1-11-2012 16:00,301
17-03-2011 0:00,15
11-08-2012 4:00,14
2-01-2012 23:00,35
8-07-2012 1:00,130
16-03-2012 11:00,179
19-12-2012 18:00,554
19-08-2012 20:00,262
17-03-2011 10:00,82
4-03-2012 19:00,118
8-08-2011 3:00,3
4-12-2011 16:00,251
18-02-2012 11:00,253
9-08-2012 10:00,204
14-07-2011 6:00,124
17-01-2012 9:00,106
15-05-2012 16:00,411
15-12-2011 12:00,140
6-11-2011 23:00,59
6-02-2012 22:00,102
7-07-2012 9:00,243
19-11-2011 20:00,144
16-12-2011 10:00,124
16-10-2012 5:00,36
10-02-2012 13:00,143
6-06-2012 8:00,738
17-05-2012 1:00,23
19-12-2012 3:00,5
3-12-2011 10:00,206
10-01-2011 21:00,55
11-09-2011 4:00,10
19-06-2012 20:00,413
2-02-2011 22:00,42
11-05-2011 14:00,174
18-06-2011 15:00,372
5-06-2011 10:00,259
8-02-2012 18:00,198
15-07-2012 12:00,540
4-11-2012 19:00,231
2-08-2011 6:00,76
2-11-2012 3:00,5
14-05-2011 14:00,189
15-08-2011 18:00,524
6-08-2011 17:00,278
13-05-2012 16:00,579
15-01-2011 15:00,115
16-06-2011 5:00,24
17-10-2012 22:00,168
17-11-2011 8:00,232
17-07-2011 16:00,385
12-10-2011 15:00,68
13-08-2011 14:00,358
9-06-2012 4:00,14
9-08-2011 21:00,196
10-02-2011 4:00,2
10-04-2012 14:00,259
3-06-2011 7:00,242
12-11-2012 17:00,537
6-10-2012 10:00,425
16-11-2011 15:00,63
4-06-2011 4:00,7
13-06-2012 17:00,832
8-05-2011 12:00,430
5-06-2011 6:00,22
6-12-2012 8:00,628
1-02-2011 2:00,2
13-09-2012 2:00,11
1-10-2012 23:00,66
6-10-2011 14:00,187
14-06-2012 1:00,21
2-01-2012 5:00,4
18-04-2012 16:00,276
8-09-2012 17:00,220
3-04-2012 12:00,274
1-10-2011 2:00,31
13-04-2012 15:00,280
9-03-2011 13:00,61
10-05-2011 9:00,217
4-04-2012 6:00,107
15-02-2012 7:00,242
9-01-2012 4:00,4
3-03-2011 19:00,109
2-06-2011 22:00,144
10-01-2012 6:00,70
16-09-2012 21:00,253
17-01-2012 0:00,14
18-10-2011 6:00,107
19-10-2012 9:00,324
16-02-2011 16:00,146
7-04-2011 22:00,82
19-07-2012 18:00,743
10-03-2011 22:00,50
7-10-2011 13:00,205
6-11-2012 3:00,6
2-11-2011 19:00,233
15-03-2011 1:00,6
10-02-2012 1:00,10
2-03-2012 5:00,17
1-06-2011 2:00,7
7-05-2012 10:00,175
14-01-2011 5:00,7
4-04-2012 0:00,40
13-10-2011 22:00,149
12-07-2011 20:00,288
11-02-2012 22:00,47
15-05-2012 19:00,533
11-12-2011 17:00,227
19-06-2012 12:00,281
8-10-2012 20:00,158
1-03-2011 23:00,19
19-07-2012 14:00,259
14-07-2012 17:00,346
4-06-2011 19:00,259
15-06-2012 0:00,64
13-06-2012 11:00,233
8-04-2012 16:00,567
14-05-2012 10:00,95
19-07-2011 5:00,22
11-11-2012 19:00,312
19-06-2012 7:00,372
2-05-2012 14:00,230
15-07-2012 10:00,370
9-07-2012 8:00,564
1-07-2011 14:00,153
12-03-2012 16:00,407
19-02-2011 4:00,3
12-12-2011 21:00,130
16-08-2012 15:00,293
18-12-2011 6:00,6
12-12-2011 17:00,382
1-02-2011 18:00,120
8-02-2011 1:00,6
18-07-2012 16:00,419
8-06-2012 11:00,261
10-06-2012 22:00,194
2-07-2012 20:00,383
4-05-2012 22:00,187
9-08-2011 8:00,388
13-12-2012 12:00,269
2-06-2011 10:00,119
4-11-2012 20:00,163
3-12-2012 7:00,320
3-12-2012 3:00,5
13-05-2012 5:00,14
11-04-2012 2:00,7
11-04-2012 5:00,27
3-06-2012 14:00,531
5-12-2011 14:00,159
2-08-2012 12:00,246
4-10-2011 7:00,228
13-04-2012 3:00,6
8-06-2012 13:00,315
11-04-2011 20:00,248
19-11-2012 18:00,526
14-07-2012 22:00,199
19-02-2011 21:00,42
12-12-2011 12:00,148
6-07-2011 0:00,42
7-02-2012 16:00,272
3-07-2011 12:00,348
6-07-2011 10:00,92
13-09-2011 4:00,4
10-05-2012 0:00,37
12-01-2012 0:00,13
18-04-2011 22:00,109
15-05-2011 10:00,253
9-06-2011 4:00,6
7-01-2011 10:00,55
17-09-2012 19:00,483
12-03-2011 16:00,151
13-02-2012 22:00,89
12-06-2011 2:00,54
16-07-2012 23:00,141
11-11-2012 13:00,575
13-04-2011 20:00,147
7-03-2012 17:00,608
7-07-2011 7:00,230
5-03-2011 17:00,204
19-04-2012 19:00,498
12-06-2011 22:00,137
10-11-2011 11:00,131
4-06-2012 0:00,49
6-12-2011 18:00,141
12-08-2011 21:00,197
9-03-2012 22:00,111
4-05-2012 8:00,593
10-01-2011 3:00,2
4-09-2011 17:00,342
6-10-2012 3:00,30
17-04-2012 9:00,325
8-04-2012 10:00,399
8-10-2011 18:00,395
8-03-2011 7:00,105
19-09-2012 5:00,38
7-03-2011 16:00,83
4-02-2012 11:00,217
13-05-2011 8:00,354
14-09-2011 21:00,193
7-10-2012 10:00,360
17-11-2012 3:00,20
4-09-2011 7:00,42
7-06-2012 8:00,726
8-08-2011 2:00,7
3-07-2012 15:00,253
4-08-2011 21:00,163
3-04-2011 17:00,256
1-10-2012 9:00,294
5-08-2011 17:00,521
14-08-2012 5:00,34
5-12-2012 12:00,289
3-05-2012 5:00,24
18-02-2012 9:00,105
5-09-2012 14:00,240
7-12-2012 20:00,161
17-11-2011 8:00,230
7-02-2011 1:00,5
17-03-2011 19:00,173
12-09-2011 22:00,146
13-06-2011 16:00,304
19-02-2011 14:00,170
15-05-2011 12:00,348
15-04-2012 15:00,536
1-12-2012 22:00,75
4-08-2011 12:00,163
19-10-2012 15:00,310
13-06-2011 13:00,188
16-11-2011 20:00,75
14-12-2012 21:00,182
10-07-2012 17:00,793
3-01-2011 15:00,72
15-06-2012 4:00,8
9-02-2011 10:00,52
1-03-2011 22:00,37
11-02-2011 6:00,33
3-01-2012 4:00,3
1-03-2011 1:00,4
3-10-2011 4:00,3
2-09-2011 15:00,164
1-04-2012 6:00,13
14-05-2012 17:00,298
3-02-2012 13:00,182
5-10-2012 0:00,61
7-02-2012 13:00,207
13-05-2012 18:00,482
16-08-2012 14:00,273
9-02-2012 23:00,57
13-01-2011 6:00,32
10-10-2011 9:00,228
12-03-2012 19:00,407
15-04-2011 15:00,250
6-03-2011 3:00,8
15-01-2011 3:00,6
6-02-2011 3:00,9
4-05-2012 4:00,6
6-02-2012 20:00,186
10-03-2012 16:00,315
7-09-2011 5:00,14
14-12-2012 5:00,32
5-06-2011 22:00,139
3-01-2011 14:00,65
16-07-2011 1:00,97
12-03-2011 9:00,44
8-05-2011 7:00,31
9-11-2012 8:00,644
9-02-2012 2:00,4
2-10-2011 16:00,115
18-12-2011 9:00,93
4-08-2012 20:00,325
3-08-2012 23:00,124
19-03-2012 8:00,572
16-02-2012 14:00,72
6-08-2011 10:00,277
7-01-2011 13:00,61
14-11-2012 19:00,364
5-08-2011 5:00,21
16-10-2012 16:00,424
7-09-2012 11:00,242
6-11-2011 7:00,27
19-02-2011 23:00,27
4-04-2011 9:00,183
10-11-2011 4:00,5
16-10-2012 21:00,214
9-05-2011 22:00,140
2-02-2012 1:00,13
9-05-2011 14:00,177
11-09-2011 11:00,349
4-01-2012 23:00,45
18-06-2011 7:00,46
18-03-2011 9:00,165
12-09-2012 12:00,319
16-07-2012 4:00,7
5-05-2012 13:00,568
14-11-2011 16:00,326
11-06-2011 8:00,149
14-12-2011 2:00,6
10-07-2011 20:00,271
12-10-2012 9:00,376
1-04-2011 7:00,58
17-05-2011 14:00,173
3-01-2012 20:00,81
15-06-2011 9:00,232
19-02-2012 0:00,65
10-06-2012 9:00,291
17-05-2012 21:00,299
14-03-2012 9:00,313
12-05-2012 17:00,599
13-08-2011 8:00,144
10-04-2011 1:00,52
5-05-2011 1:00,11
15-09-2011 4:00,6
12-05-2012 1:00,102
7-12-2012 12:00,243
10-11-2012 14:00,579
14-01-2012 14:00,244
7-07-2011 13:00,169
18-01-2012 6:00,87
19-08-2011 18:00,464
14-04-2012 20:00,309
8-10-2011 2:00,53
1-07-2011 22:00,140
11-12-2012 3:00,4
8-02-2012 16:00,99
12-10-2012 4:00,7
13-10-2011 7:00,116
12-12-2011 13:00,144
18-05-2011 17:00,491
19-06-2012 15:00,258
8-01-2012 16:00,313
7-09-2011 0:00,18
9-02-2011 7:00,118
12-10-2012 18:00,617
9-01-2011 22:00,18
11-11-2011 2:00,20
12-06-2011 8:00,119
9-08-2012 7:00,391
11-06-2012 23:00,143
10-11-2012 6:00,12
10-02-2012 22:00,97
4-11-2012 10:00,354
4-08-2012 13:00,438
7-01-2011 22:00,38
8-10-2012 6:00,24
14-12-2011 8:00,327
14-06-2012 14:00,289
15-06-2012 14:00,311
1-08-2011 0:00,29
16-07-2011 3:00,30
2-07-2012 23:00,118
13-04-2012 0:00,34
12-05-2012 19:00,437
9-05-2011 5:00,21
6-01-2011 19:00,119
3-10-2012 5:00,30
17-07-2012 18:00,691
12-01-2011 15:00,64
1-04-2012 1:00,65
2-06-2011 6:00,74
10-12-2012 3:00,5
16-08-2011 0:00,38
19-12-2012 1:00,14
16-01-2012 18:00,149
1-09-2012 13:00,398
11-04-2012 12:00,215
12-07-2011 9:00,218
8-02-2011 14:00,58
19-12-2011 7:00,169
10-03-2011 16:00,37
6-12-2011 2:00,7
12-08-2011 5:00,23
15-09-2011 17:00,165
4-01-2011 16:00,92
7-11-2011 11:00,134
5-07-2011 0:00,40
4-03-2011 5:00,6
1-09-2012 11:00,356
5-05-2011 17:00,464
10-06-2012 10:00,446
12-05-2011 6:00,100
3-03-2012 20:00,176
5-10-2012 15:00,315
15-08-2011 19:00,350
11-06-2012 3:00,7
17-06-2012 13:00,568
1-02-2011 15:00,60
1-12-2012 1:00,73
6-03-2012 12:00,140
4-08-2011 23:00,87
11-03-2012 17:00,474
10-10-2012 9:00,355
10-07-2011 19:00,292
6-03-2012 18:00,382
14-04-2012 5:00,9
2-11-2012 17:00,577
7-04-2012 19:00,347
6-04-2012 23:00,108
10-07-2012 8:00,638
10-03-2011 10:00,24
5-08-2012 19:00,279
19-09-2012 20:00,373
3-10-2012 4:00,4
3-11-2011 10:00,103
10-02-2011 11:00,50
1-06-2012 22:00,96
15-02-2011 1:00,6
19-04-2012 15:00,272
18-05-2012 7:00,480
18-06-2012 6:00,69
14-06-2011 18:00,540
8-09-2012 18:00,208
3-06-2012 0:00,111
2-06-2012 23:00,117
15-09-2012 22:00,219
19-01-2012 9:00,227
14-01-2011 16:00,85
19-10-2012 21:00,237
18-05-2012 10:00,235
10-09-2011 2:00,34
19-11-2012 15:00,270
18-01-2012 1:00,13
13-12-2012 10:00,188
12-02-2012 16:00,188
4-09-2012 0:00,33
9-04-2011 21:00,60
4-03-2011 13:00,90
6-08-2012 10:00,198
10-09-2012 11:00,261
8-07-2012 21:00,237
18-06-2011 23:00,143
18-02-2012 10:00,201
9-11-2011 11:00,154
14-02-2011 8:00,199
15-02-2012 10:00,132
6-06-2012 15:00,291
12-09-2012 23:00,150
13-05-2012 15:00,556
19-07-2011 18:00,492
14-06-2012 18:00,837
18-09-2011 19:00,246
15-07-2011 8:00,434
17-06-2011 4:00,5
1-01-2011 2:00,14
15-03-2012 21:00,216
19-09-2011 1:00,16
7-10-2012 0:00,117
2-05-2011 11:00,126
1-05-2012 21:00,247
10-11-2012 12:00,570
3-04-2011 13:00,220
10-02-2011 14:00,59
19-03-2012 5:00,21
15-01-2011 4:00,2
17-04-2012 17:00,726
7-01-2011 7:00,116
7-11-2012 23:00,66
18-06-2011 10:00,302
10-06-2012 20:00,349
9-09-2012 15:00,594
11-10-2011 17:00,414
15-04-2012 12:00,584
11-12-2011 15:00,268
19-09-2011 12:00,185
6-02-2012 5:00,16
15-04-2012 2:00,58
18-06-2012 11:00,181
2-07-2012 6:00,138
9-04-2011 7:00,15
3-09-2012 23:00,84
14-09-2011 2:00,5
1-12-2011 19:00,222
12-05-2011 0:00,32
7-11-2012 2:00,7
10-10-2012 23:00,119
15-10-2011 7:00,47
10-07-2011 0:00,114
12-04-2011 8:00,172
4-05-2011 3:00,2
18-10-2011 5:00,20
4-11-2012 22:00,107
18-08-2011 10:00,128
3-08-2011 13:00,157
12-05-2011 21:00,173
2-09-2011 6:00,72
13-08-2012 21:00,283
15-07-2012 10:00,370
3-04-2011 17:00,202
14-05-2012 14:00,228
19-12-2012 11:00,222
9-04-2011 12:00,206
7-10-2012 21:00,157
2-07-2011 13:00,338
16-12-2012 3:00,17
8-02-2012 5:00,19
13-01-2011 10:00,42
18-04-2012 5:00,29
5-02-2012 12:00,233
11-02-2011 23:00,27
6-12-2011 11:00,49
8-10-2012 3:00,14
2-03-2012 22:00,103
15-03-2011 4:00,2
13-04-2012 1:00,13
9-09-2011 8:00,170
3-12-2011 1:00,47
9-04-2012 17:00,703
8-12-2012 22:00,102
13-12-2012 13:00,261
16-12-2012 19:00,184
16-02-2011 14:00,102
10-11-2011 10:00,96
16-01-2012 19:00,106
9-09-2012 5:00,16
19-01-2012 20:00,126
12-10-2011 19:00,149
19-08-2011 15:00,184
18-01-2011 13:00,43
6-07-2011 23:00,96
18-05-2011 9:00,162
1-06-2012 21:00,125
19-03-2012 1:00,16
12-03-2011 20:00,87
18-07-2011 12:00,187
10-11-2011 1:00,6
12-09-2012 7:00,446
1-05-2012 16:00,370
11-12-2011 17:00,245
11-03-2011 20:00,84
13-10-2011 10:00,52
5-07-2012 19:00,504
5-05-2011 14:00,164
18-06-2012 10:00,99
2-03-2011 18:00,220
13-05-2011 10:00,127
2-11-2011 8:00,361
18-11-2012 4:00,9
17-02-2011 13:00,127
19-01-2012 22:00,74
16-05-2012 13:00,301
15-11-2011 10:00,135
11-05-2012 1:00,23
2-01-2012 20:00,90
9-11-2012 9:00,357
19-03-2012 19:00,463
3-12-2011 8:00,75
3-10-2011 12:00,147
11-11-2012 18:00,483
7-11-2011 4:00,5
8-01-2011 14:00,111
14-01-2012 21:00,74
14-11-2011 20:00,263
8-02-2012 19:00,155
18-02-2012 1:00,64
6-08-2011 19:00,189
4-12-2011 11:00,207
11-04-2011 17:00,499
8-11-2012 9:00,320
15-12-2012 17:00,411
15-06-2011 21:00,206
9-03-2012 4:00,3
3-05-2012 9:00,296
14-04-2011 13:00,161
1-10-2012 19:00,401
4-08-2011 15:00,153
14-02-2012 9:00,224
16-11-2012 22:00,145
1-04-2011 21:00,80
3-12-2012 12:00,269
15-05-2012 20:00,247
17-09-2012 23:00,64
18-06-2011 17:00,398
9-09-2012 19:00,441
14-11-2011 6:00,91
16-08-2012 9:00,348
4-08-2011 19:00,298
6-09-2011 20:00,81
12-04-2012 15:00,262
7-01-2012 11:00,292
10-03-2011 12:00,26
15-12-2012 1:00,78
7-12-2011 12:00,50
10-04-2011 20:00,144
14-02-2011 6:00,35
8-03-2011 20:00,87
13-09-2011 14:00,176
7-02-2012 21:00,152
14-05-2012 4:00,6
9-05-2011 0:00,34
10-01-2011 6:00,33
15-05-2012 10:00,191
16-04-2012 14:00,436
15-01-2012 14:00,206
7-12-2012 3:00,5
9-05-2012 18:00,241
5-03-2011 23:00,49
17-09-2011 15:00,311
16-03-2011 21:00,83
15-11-2011 20:00,182
10-06-2011 23:00,108
13-01-2012 16:00,191
11-06-2011 2:00,57
19-10-2012 12:00,327
8-10-2012 12:00,439
6-11-2011 12:00,321
7-12-2011 21:00,34
8-10-2012 0:00,50
16-08-2011 19:00,369
17-11-2012 15:00,440
13-02-2012 18:00,356
10-12-2011 23:00,42
16-01-2012 23:00,31
10-11-2012 0:00,108
8-10-2012 11:00,385
16-08-2011 15:00,176
9-08-2011 19:00,368
10-05-2012 18:00,729
16-02-2012 15:00,98
4-12-2012 22:00,151
12-05-2011 4:00,5
7-07-2012 5:00,13
18-03-2012 11:00,326
1-07-2012 16:00,389
18-06-2012 3:00,6
10-07-2012 23:00,123
2-02-2011 19:00,110
7-12-2011 18:00,90
14-03-2011 6:00,34
18-09-2011 15:00,339
17-03-2012 6:00,12
6-10-2012 8:00,196
10-11-2011 10:00,93
8-06-2011 1:00,19
14-07-2011 8:00,466
1-08-2011 10:00,107
18-12-2012 0:00,27
9-02-2012 14:00,143
3-04-2011 19:00,146
3-06-2011 1:00,12
15-09-2011 22:00,108
1-01-2011 10:00,76
13-03-2011 21:00,42
5-03-2012 13:00,120
14-11-2011 2:00,8
2-09-2011 7:00,264
13-08-2011 18:00,337
14-10-2011 7:00,151
14-02-2012 2:00,5
5-05-2011 8:00,324
6-08-2012 5:00,36
6-09-2012 0:00,44
17-01-2011 10:00,62
7-04-2012 17:00,512
18-10-2012 18:00,681
5-11-2011 14:00,302
9-03-2012 7:00,271
4-08-2012 12:00,481
15-10-2012 8:00,617
7-09-2011 9:00,109
12-01-2011 13:00,64
13-10-2011 16:00,317
6-10-2012 16:00,627
9-09-2011 3:00,4
15-09-2012 3:00,34
7-04-2012 7:00,48
2-04-2012 4:00,5
1-06-2012 11:00,189
11-12-2012 22:00,142
4-11-2012 3:00,18
19-04-2012 22:00,195
14-08-2011 19:00,259
12-11-2011 3:00,14
15-09-2011 14:00,164
1-07-2012 13:00,382
11-11-2011 22:00,83
12-11-2012 8:00,306
6-12-2012 19:00,344
15-07-2012 18:00,293
5-05-2012 8:00,196
4-06-2012 15:00,270
13-01-2012 4:00,3
5-12-2012 13:00,284
11-06-2011 1:00,87
12-04-2012 3:00,6
10-09-2012 21:00,292
18-05-2011 7:00,254
2-03-2012 21:00,89
16-01-2012 15:00,181
12-08-2011 13:00,203
14-05-2012 13:00,236
16-11-2011 20:00,69
16-01-2012 4:00,2
17-02-2012 5:00,16
8-01-2012 17:00,279
14-08-2011 3:00,21
19-04-2012 9:00,318
17-07-2012 2:00,9
11-11-2011 19:00,168
17-09-2011 17:00,343
5-12-2011 3:00,4
1-02-2012 11:00,128
5-07-2011 9:00,220
6-11-2012 1:00,12
12-09-2012 16:00,472
14-03-2012 7:00,357
12-07-2011 19:00,367
15-05-2011 5:00,8
16-06-2012 17:00,595
3-04-2011 1:00,39
11-09-2011 14:00,400
6-05-2012 18:00,488
2-10-2011 14:00,144
1-06-2011 17:00,401
18-08-2012 4:00,14
12-01-2012 22:00,137
2-09-2011 2:00,9
6-04-2012 0:00,40
4-05-2011 8:00,71
14-03-2011 7:00,143
19-10-2011 8:00,357
15-04-2011 19:00,134
8-03-2012 13:00,245
7-08-2012 2:00,9
4-04-2011 3:00,3
2-12-2012 21:00,137
8-05-2012 3:00,5
2-06-2012 2:00,53
13-07-2011 8:00,429
11-09-2012 8:00,721
7-09-2012 0:00,57
13-11-2011 17:00,338
2-03-2011 3:00,2
3-02-2011 13:00,63
13-03-2012 23:00,97
3-05-2011 16:00,231
13-10-2011 4:00,4
6-09-2011 5:00,17
13-06-2012 9:00,317
7-03-2011 21:00,66
1-08-2011 7:00,226
10-05-2012 21:00,252
17-02-2011 6:00,44
15-08-2011 21:00,189
15-02-2011 0:00,12
2-01-2012 22:00,58
16-12-2012 1:00,71
4-05-2012 7:00,365
9-02-2012 4:00,3
10-09-2011 4:00,9
17-09-2011 12:00,349
19-11-2012 11:00,203
16-05-2011 16:00,173
3-05-2012 23:00,117
3-03-2011 22:00,44
17-03-2011 20:00,110
13-08-2011 20:00,197
4-02-2012 14:00,250
11-09-2011 13:00,397
2-06-2011 18:00,464
9-12-2011 17:00,382
3-01-2011 22:00,38
6-03-2011 10:00,65
12-07-2011 21:00,201
13-08-2011 22:00,123
17-06-2011 0:00,35
15-10-2011 20:00,218
10-05-2011 13:00,175
5-02-2012 23:00,46
16-06-2011 11:00,156
19-06-2011 1:00,86
15-04-2012 1:00,104
4-02-2011 15:00,72
10-01-2012 4:00,3
4-12-2012 3:00,4
1-09-2011 19:00,306
9-11-2011 22:00,105
10-10-2012 0:00,43
12-10-2012 22:00,158
2-07-2011 21:00,174
8-06-2011 23:00,98
9-03-2011 16:00,98
11-02-2012 1:00,51
5-02-2011 17:00,53
3-01-2011 0:00,9
11-08-2011 13:00,196
13-12-2011 14:00,151
19-12-2011 19:00,241
1-03-2011 3:00,1
16-08-2012 6:00,186
14-10-2012 2:00,62
4-05-2011 9:00,51
9-09-2012 21:00,266
9-05-2012 16:00,432
6-08-2011 0:00,114
8-09-2011 6:00,60
17-09-2011 4:00,9
2-02-2011 20:00,68
8-12-2011 13:00,138
12-04-2012 11:00,221
6-01-2012 3:00,4
13-11-2011 18:00,304
12-04-2012 16:00,386
13-05-2011 23:00,46
2-01-2011 4:00,3
11-01-2012 21:00,81
2-10-2012 1:00,18
3-08-2012 19:00,471
15-09-2012 18:00,545
12-05-2011 20:00,288
19-04-2011 11:00,128
11-03-2012 7:00,20
7-11-2012 22:00,99
11-05-2011 21:00,172
17-03-2011 18:00,287
11-02-2011 20:00,73
9-02-2011 16:00,79
7-10-2012 20:00,203
9-01-2011 13:00,117
13-04-2011 15:00,115
13-06-2011 12:00,196
7-06-2012 20:00,435
5-01-2012 21:00,119
5-09-2012 10:00,190
15-05-2012 15:00,258
17-08-2011 1:00,18
3-08-2012 3:00,5
19-05-2012 19:00,472
2-01-2011 2:00,10
16-01-2012 22:00,63
1-09-2012 10:00,317
16-06-2011 18:00,403
10-10-2012 13:00,304
13-01-2011 18:00,142
10-02-2011 8:00,182
10-05-2011 2:00,8
12-07-2011 7:00,309
15-04-2012 20:00,339
2-07-2011 22:00,154
4-07-2012 11:00,417
9-08-2011 2:00,8
9-10-2012 13:00,263
17-11-2012 20:00,209
6-09-2012 5:00,38
13-06-2011 4:00,4
5-09-2012 1:00,19
8-07-2011 13:00,182
4-10-2012 19:00,552
2-10-2011 6:00,10
18-06-2011 6:00,20
19-11-2011 23:00,73
9-04-2012 2:00,8
7-01-2012 4:00,6
1-05-2012 6:00,76
19-03-2011 12:00,226
6-04-2011 4:00,4
7-11-2012 12:00,219
19-06-2012 8:00,565
10-03-2011 5:00,4
12-03-2012 21:00,197
16-04-2012 3:00,17
17-12-2012 6:00,125
16-12-2011 18:00,302
16-10-2011 14:00,411
12-09-2012 22:00,226
15-03-2012 17:00,721
7-04-2011 7:00,180
11-11-2011 8:00,162
9-08-2011 10:00,129
9-07-2012 20:00,392
3-06-2011 9:00,212
12-01-2011 18:00,146
14-01-2011 0:00,9
14-08-2011 14:00,370
8-05-2012 11:00,214
9-11-2011 11:00,146
3-12-2012 21:00,204
10-08-2012 6:00,108
1-08-2012 1:00,18
9-06-2012 13:00,592
14-09-2011 22:00,155
4-07-2012 13:00,408
1-11-2012 12:00,154
1-10-2012 17:00,462
14-02-2012 20:00,181
13-01-2012 16:00,184
5-08-2011 16:00,303
16-05-2012 6:00,127
5-04-2012 20:00,277
10-10-2011 1:00,38
7-03-2011 17:00,215
2-09-2012 12:00,326
8-07-2011 4:00,5
15-06-2012 9:00,358
12-01-2011 7:00,117
14-08-2012 23:00,140
13-12-2012 17:00,556
14-12-2011 9:00,202
11-03-2012 21:00,133
6-12-2011 9:00,144
19-10-2012 23:00,132
18-09-2011 9:00,179
8-04-2012 22:00,155
4-01-2012 21:00,103
15-09-2011 11:00,155
15-05-2012 13:00,158
18-12-2012 22:00,144
19-06-2012 23:00,147
5-07-2011 12:00,186
7-08-2012 9:00,319
19-11-2012 22:00,139
16-09-2012 16:00,604
14-12-2011 16:00,201
1-04-2011 22:00,55
2-03-2012 2:00,5
16-04-2011 23:00,56
7-09-2012 21:00,296
9-07-2012 23:00,142
10-12-2011 0:00,59
10-01-2011 3:00,2
13-10-2011 19:00,271
5-01-2012 14:00,167
2-08-2011 1:00,15
16-03-2011 12:00,95
4-06-2011 23:00,95
15-11-2012 8:00,611
18-10-2011 1:00,10
3-10-2012 3:00,4
14-12-2012 6:00,113
14-09-2011 19:00,348
8-07-2012 9:00,232
2-03-2011 19:00,127
19-08-2012 14:00,308
16-03-2011 8:00,167
6-12-2011 7:00,204
5-01-2011 20:00,74
11-11-2011 21:00,113
14-11-2012 12:00,266
3-12-2012 11:00,201
19-03-2012 18:00,647
19-10-2011 15:00,64
15-09-2012 6:00,24
5-04-2011 12:00,94
5-10-2011 22:00,156
14-03-2011 22:00,49
17-05-2012 17:00,852
16-03-2012 20:00,230
7-06-2012 11:00,245
7-09-2011 22:00,63
8-01-2011 22:00,21
17-04-2011 3:00,16
18-05-2012 5:00,41
17-12-2011 3:00,13
1-10-2012 7:00,420
2-12-2012 15:00,466
19-12-2011 9:00,201
7-01-2012 0:00,70
16-12-2012 14:00,361
6-10-2012 22:00,160
13-02-2011 13:00,144
8-11-2011 6:00,96
19-06-2011 17:00,391
1-10-2012 7:00,410
7-08-2011 20:00,186
10-11-2011 23:00,66
3-07-2011 18:00,223
19-05-2012 16:00,623
17-11-2012 12:00,525
7-09-2012 22:00,241
16-04-2012 1:00,35
17-12-2012 10:00,164
3-08-2012 13:00,241
4-02-2012 12:00,248
16-01-2012 4:00,2
10-08-2011 3:00,6
5-12-2011 0:00,22
1-02-2012 19:00,319
8-02-2011 16:00,77
6-10-2012 0:00,141
17-12-2011 23:00,39
5-08-2012 14:00,446
17-06-2012 7:00,65
5-07-2011 17:00,536
8-06-2011 8:00,428
10-11-2011 5:00,16
13-06-2012 14:00,269
4-08-2012 15:00,430
5-09-2012 17:00,736
3-06-2011 11:00,135
12-09-2011 0:00,33
10-08-2012 17:00,798
3-07-2011 20:00,118
19-04-2012 8:00,609
12-07-2012 7:00,435
5-03-2012 0:00,21
14-09-2012 20:00,459
5-01-2012 4:00,4
2-04-2012 17:00,638
11-04-2011 4:00,3
4-09-2012 10:00,179
13-08-2012 14:00,273
15-01-2012 15:00,200
16-10-2011 10:00,281
17-12-2012 13:00,190
2-01-2011 17:00,126
10-10-2012 1:00,17
13-09-2012 7:00,468
3-06-2012 16:00,548
7-12-2012 18:00,555
6-04-2012 19:00,458
12-11-2011 15:00,346
6-10-2011 4:00,5
9-10-2012 23:00,119
12-04-2012 17:00,688
15-04-2011 13:00,248
10-09-2011 3:00,24
17-04-2012 14:00,260
18-07-2012 7:00,414
8-03-2011 16:00,116
3-01-2012 7:00,190
2-10-2012 23:00,102
15-01-2011 7:00,8
10-02-2012 11:00,118
17-03-2011 10:00,91
11-01-2011 17:00,158
3-04-2011 8:00,71
8-09-2011 4:00,5
2-02-2012 17:00,412
11-10-2011 3:00,5
6-08-2011 20:00,175
5-02-2011 0:00,37
9-06-2012 10:00,436
18-07-2011 13:00,178
15-04-2011 21:00,75
14-05-2011 13:00,147
11-05-2011 20:00,243
13-11-2011 3:00,16
7-10-2012 14:00,442
14-04-2012 9:00,247
17-01-2012 19:00,289
1-08-2011 11:00,117
11-02-2011 12:00,77
2-08-2012 5:00,31
10-12-2011 2:00,41
5-01-2011 19:00,128
1-06-2011 10:00,100
18-04-2011 15:00,156
15-03-2011 22:00,45
12-06-2012 15:00,111
4-04-2011 0:00,20
8-02-2011 3:00,2
14-06-2012 15:00,288
14-07-2011 10:00,143
16-02-2011 9:00,116
12-07-2012 18:00,822
8-09-2012 0:00,155
9-11-2011 4:00,4
18-09-2011 20:00,196
3-10-2012 20:00,422
11-04-2011 10:00,112
17-03-2012 4:00,9
12-07-2012 3:00,7
10-12-2012 10:00,185
10-11-2011 19:00,246
8-09-2012 3:00,30
8-09-2011 3:00,3
15-06-2011 15:00,190
4-06-2011 13:00,343
6-05-2011 12:00,192
16-10-2011 9:00,198
18-06-2011 11:00,352
15-05-2011 13:00,339
5-01-2012 11:00,123
5-08-2011 3:00,6
5-12-2012 10:00,200
2-03-2012 20:00,167
9-11-2012 17:00,672
15-03-2011 2:00,4
7-06-2012 21:00,297
9-06-2012 22:00,227
1-04-2011 12:00,108
17-06-2012 2:00,72
18-03-2012 11:00,325
3-01-2011 7:00,106
3-06-2012 22:00,164
4-05-2011 11:00,80
3-06-2012 10:00,418
10-07-2011 5:00,11
12-04-2011 2:00,8
1-08-2012 0:00,42
3-04-2012 2:00,7
3-05-2011 8:00,348
17-05-2011 13:00,100
19-11-2011 1:00,51
14-02-2011 11:00,109
5-06-2011 16:00,403
1-11-2011 6:00,56
9-06-2011 2:00,8
4-01-2012 18:00,256
9-05-2011 5:00,20
6-11-2012 4:00,5
4-12-2012 7:00,403
12-01-2012 21:00,182
18-04-2012 14:00,129
12-12-2012 22:00,138
1-08-2012 14:00,227
8-06-2012 20:00,442
5-09-2011 5:00,10
12-03-2012 15:00,251
11-11-2011 3:00,10
16-02-2012 0:00,22
11-12-2012 0:00,35
6-05-2011 11:00,138
18-08-2012 9:00,294
13-09-2012 9:00,367
16-09-2012 5:00,16
3-01-2012 18:00,229
3-04-2011 10:00,165
19-10-2011 17:00,213
7-08-2011 11:00,304
9-12-2011 2:00,6
15-09-2011 2:00,10
15-09-2012 23:00,166
7-03-2011 15:00,88
16-11-2011 15:00,62
2-02-2012 11:00,76
9-10-2011 9:00,176
7-11-2012 5:00,31
16-12-2011 5:00,20
14-01-2011 23:00,26
19-02-2011 9:00,72
17-03-2012 5:00,7
